427925508,
106446857,126783556,1016153509,79923142,21464903,268498475,506990418,1562665182,154249080,30994206
326660110,
25589776,295838580,1075624326,288309667,1075624326,2582711029
458180627,
19524953,2361445699,531014858,596066510,195598064,180071223,437304028
14280731,27901552,30822441,18465507,2263124065,65398978,531014858,36803502,195638895,23508475
23846946,29883563,2287188571,840589501,1401533365
334948388,26043264,1579303495,34538415,195598064,379468658,2382714271
30822441,41263980,27901552,14280731,18465507
28686381,
2286938158,
2440669231,
122875913,
795838526,
327557184,250322589,845938910,595279941,2497160786
126783556,1016153509,79923142,21464903,106446857,268498475,506990418,1562665182,154249080,30994206,95345048,26184120,268498475,130544054,874303975,268498475
595279941,288309667,776450400,18465507,288309667,2582711029,288309667,2332381946,378369376,288309667,327557184,250322589,845938910,288309667,288309667,1075624326
906795078,
306481233,1492129664,288309667
302209106,1966821840,1159342620,637065059,2500601828,185949950,1492129664,801304129,25729219,250020587,70185137,294004619,192797102,776450400,614908991,941720832,61261251,874303975,23257800,612768713,2248307018,107340366,95345048
35489876,874303975,1140878185,19135591,2580916717,496575604,947127163,1656022974,101242079
981909589,
23629916,348904976,2338920056,91528003
2263124065,65398978,23508475,531014858,36803502,195638895,14280731
101337186,
2187808872,1092173696,240891200,378405379,827550596,19739397,1378713350,1409086657,2245032840,39444348,477390346,2636348866,215842541,27260690,29547540,185456918,2699648921,2661086105,93902580,1002854173,2662162687,298235167,15094180,423057829,1952989350,2662010664,68891177,462497578,388517035,417222828,500385965,1520604552,1979554866,209302579,612912882,626804535,571213625,708169530,2248307018,24467902,2232013248,446449217,2704239682,450457162,336352715,44075341,596066510,1264443344,180071223,1325596052,765035604,194450661,188563798,125391417,1390925400,174070489,455572698,844252764,2661038941,270094174,1487031462,134541575,531014858,1059004771,121685861,34298342,382724200,37439484,453278826,121609362,286898415,195598064,238021224,379468658,28364532,77877225,2629332216,2281416313,124566602,279887611,1554312188,51111530,352034174,65509119
305162360,531014858,450457162
382277755,110569340
161486986,
602364048,
314243234,
1952989350,1092173696,240891200,378405379,827550596,19739397,1378713350,1409086657,2245032840,238021224,477390346,2636348866,215842541,27260690,29547540,185456918,2699648921,2661086105,1002854173,2662162687,298235167,15094180,423057829,1487031462,2662010664,68891177,462497578,388517035,417222828,500385965,1520604552,1979554866,209302579,612912882,626804535,571213625,708169530,2248307018,24467902,2232013248,446449217,2704239682,39444348,450457162,336352715,44075341,596066510,1264443344,180071223,1325596052,765035604,93902580,188563798,125391417,1390925400,174070489,455572698,844252764,2661038941,270094174,194450661,134541575,531014858,1059004771,121685861,34298342,2187808872,37439484,453278826,121609362,286898415,195598064,382724200,379468658,28364532,77877225,2629332216,2281416313,124566602,279887611,1554312188,51111530,352034174,65509119
417222828,1092173696,240891200,378405379,827550596,19739397,1378713350,1409086657,2245032840,238021224,477390346,2636348866,215842541,27260690,29547540,185456918,2699648921,2661086105,93902580,1002854173,2662162687,298235167,15094180,423057829,1952989350,2662010664,68891177,462497578,388517035,500385965,1520604552,1979554866,209302579,612912882,626804535,571213625,708169530,2248307018,24467902,2232013248,446449217,2704239682,39444348,450457162,336352715,44075341,596066510,1264443344,180071223,1325596052,765035604,194450661,188563798,125391417,1390925400,174070489,455572698,844252764,2661038941,270094174,1487031462,134541575,531014858,1059004771,121685861,34298342,2187808872,37439484,453278826,121609362,286898415,195598064,382724200,379468658,28364532,77877225,2629332216,2281416313,124566602,279887611,1554312188,51111530,352034174,65509119
500385965,1092173696,240891200,378405379,827550596,19739397,1378713350,1409086657,2245032840,238021224,477390346,2636348866,215842541,27260690,29547540,185456918,2699648921,2661086105,93902580,1002854173,2662162687,298235167,15094180,423057829,1952989350,2662010664,68891177,462497578,388517035,417222828,124566602,1520604552,1979554866,209302579,612912882,626804535,571213625,708169530,2248307018,24467902,2232013248,446449217,2704239682,39444348,450457162,336352715,44075341,596066510,1264443344,180071223,1325596052,765035604,194450661,188563798,125391417,1390925400,174070489,455572698,844252764,2661038941,270094174,1487031462,134541575,531014858,1059004771,121685861,34298342,2187808872,37439484,453278826,121609362,286898415,195598064,382724200,379468658,28364532,77877225,2629332216,2281416313,279887611,1554312188,51111530,352034174,65509119
70185137,1492129664,801304129,25729219,250020587,294004619,192797102,776450400,302209106,614908991
840589501,295838580,531014858,195638895,95345048,20834658,23846946,2287188571,29883563,1401533365,41263980
757686462,288309667
1449795776,34538415
65398978,2263124065,23508475,531014858,36803502,195638895,14280731
25729219,26691370,1008185132,152786613,83786614,1492129664,801304129,294004619,70185137,250020587,192797102,776450400,302209106,614908991
1321226437,878758308,1075624326,30311463,112874216,195598064,152786613
633673932,1226444281,34538415,382724200,228242072,110873458,220905694,2175208387
596066510,1092173696,240891200,378405379,827550596,19739397,1378713350,1409086657,2245032840,238021224,477390346,2636348866,215842541,27260690,29547540,185456918,2699648921,2661086105,93902580,1002854173,2662162687,298235167,15094180,423057829,1952989350,2662010664,68891177,462497578,388517035,417222828,500385965,1520604552,1979554866,209302579,612912882,626804535,571213625,708169530,2248307018,24467902,2232013248,446449217,2704239682,39444348,450457162,336352715,44075341,1264443344,180071223,1325596052,765035604,194450661,188563798,125391417,1390925400,174070489,455572698,844252764,2661038941,270094174,1487031462,134541575,531014858,1059004771,121685861,34298342,2187808872,37439484,453278826,121609362,286898415,195598064,382724200,379468658,28364532,77877225,2629332216,2281416313,124566602,279887611,1554312188,51111530,352034174,65509119,2361445699,531014858,195598064,180071223,19524953,437304028
153667801,288309667
1562665182,126783556,1016153509,79923142,21464903,106446857,268498475,506990418,154249080,30994206
752046307,
389775591,288309667
1596639470,220905694
286898415,1092173696,240891200,378405379,827550596,19739397,1378713350,1409086657,2245032840,238021224,477390346,2636348866,215842541,27260690,29547540,185456918,2699648921,2661086105,93902580,1002854173,298235167,15094180,423057829,1952989350,2662010664,68891177,462497578,388517035,417222828,500385965,1520604552,1979554866,209302579,612912882,626804535,571213625,708169530,2248307018,24467902,2232013248,446449217,2704239682,39444348,450457162,336352715,44075341,596066510,1264443344,180071223,1325596052,765035604,194450661,188563798,125391417,1390925400,174070489,455572698,844252764,2661038941,270094174,1487031462,134541575,531014858,1059004771,121685861,34298342,2187808872,37439484,453278826,121609362,2662162687,195598064,382724200,379468658,28364532,77877225,2629332216,2281416313,124566602,279887611,1554312188,51111530,352034174,65509119
1158310134,
37863672,17843816,18465507,18234247
249835771,
2662162687,1092173696,240891200,378405379,827550596,19739397,1378713350,1409086657,2245032840,238021224,477390346,2636348866,215842541,27260690,29547540,185456918,2699648921,2661086105,93902580,1002854173,298235167,15094180,423057829,1952989350,2662010664,68891177,462497578,388517035,417222828,500385965,1520604552,1979554866,209302579,612912882,626804535,571213625,708169530,2248307018,24467902,2232013248,446449217,2704239682,39444348,450457162,336352715,44075341,596066510,1264443344,180071223,1325596052,765035604,194450661,188563798,125391417,1390925400,174070489,455572698,844252764,2661038941,270094174,1487031462,134541575,531014858,1059004771,121685861,34298342,2187808872,37439484,453278826,121609362,286898415,195598064,382724200,379468658,28364532,77877225,2629332216,2281416313,124566602,279887611,1554312188,51111530,352034174,65509119
552225025,
134541575,1092173696,240891200,378405379,827550596,19739397,1378713350,1409086657,2245032840,238021224,477390346,2636348866,215842541,27260690,29547540,185456918,2699648921,2661086105,93902580,1002854173,2662162687,298235167,15094180,423057829,1952989350,2662010664,68891177,462497578,388517035,417222828,500385965,1520604552,1979554866,209302579,612912882,626804535,571213625,708169530,2248307018,24467902,2232013248,446449217,2704239682,39444348,450457162,336352715,44075341,596066510,1264443344,180071223,1325596052,765035604,194450661,188563798,125391417,1390925400,174070489,455572698,844252764,2661038941,270094174,1487031462,531014858,1059004771,121685861,34298342,2187808872,37439484,453278826,121609362,286898415,195598064,382724200,379468658,28364532,77877225,2629332216,2281416313,124566602,279887611,1554312188,51111530,352034174,65509119
292964619,
185456918,1092173696,240891200,378405379,827550596,19739397,1378713350,1409086657,2245032840,238021224,477390346,2636348866,215842541,27260690,29547540,2662162687,2699648921,2661086105,93902580,1002854173,298235167,15094180,423057829,1952989350,2662010664,68891177,462497578,388517035,417222828,500385965,1520604552,1979554866,209302579,612912882,626804535,571213625,708169530,2248307018,24467902,2232013248,446449217,2704239682,39444348,450457162,336352715,44075341,596066510,1264443344,180071223,1325596052,765035604,194450661,188563798,125391417,1390925400,174070489,455572698,844252764,2661038941,270094174,1487031462,134541575,531014858,1059004771,121685861,34298342,2187808872,37439484,453278826,121609362,286898415,195598064,382724200,379468658,28364532,77877225,2629332216,2281416313,124566602,279887611,1554312188,51111530,352034174,65509119
2558119890,
26190214,288309667
15159590,838381908,17843816,74033044,20012063,59863732,974048503
422242602,
2252912940,
34036028,288309667
2211854664,
2248307018,1092173696,240891200,378405379,827550596,19739397,1378713350,1409086657,2245032840,238021224,477390346,2636348866,215842541,27260690,29547540,185456918,2699648921,2661086105,93902580,1002854173,2662162687,298235167,15094180,423057829,1952989350,2662010664,68891177,462497578,388517035,417222828,500385965,1520604552,1979554866,209302579,612912882,626804535,571213625,708169530,124566602,24467902,2232013248,446449217,2704239682,39444348,450457162,336352715,44075341,596066510,1264443344,180071223,1325596052,765035604,194450661,188563798,125391417,1390925400,174070489,455572698,844252764,2661038941,270094174,1487031462,134541575,531014858,1059004771,121685861,34298342,2187808872,37439484,453278826,121609362,286898415,195598064,382724200,379468658,28364532,77877225,2629332216,2281416313,279887611,1554312188,51111530,352034174,65509119,941720832,61261251,874303975,23257800,612768713,107340366,302209106,95345048
44075341,1092173696,240891200,378405379,827550596,19739397,1378713350,1409086657,2245032840,238021224,477390346,2636348866,215842541,27260690,29547540,185456918,2699648921,2661086105,93902580,1002854173,2662162687,298235167,15094180,423057829,1952989350,2662010664,68891177,462497578,388517035,417222828,500385965,1520604552,1979554866,209302579,612912882,626804535,571213625,708169530,2248307018,24467902,2232013248,446449217,2704239682,39444348,450457162,336352715,596066510,1264443344,180071223,1325596052,765035604,194450661,188563798,125391417,1390925400,174070489,455572698,844252764,2661038941,270094174,1487031462,134541575,531014858,1059004771,121685861,34298342,2187808872,37439484,453278826,121609362,286898415,195598064,382724200,379468658,28364532,77877225,2629332216,2281416313,124566602,279887611,1554312188,51111530,352034174,65509119
838381908,15159590,195598064
188563798,1092173696,240891200,378405379,827550596,19739397,1378713350,1409086657,2245032840,238021224,477390346,2636348866,215842541,27260690,29547540,185456918,2699648921,2661086105,93902580,1002854173,2662162687,298235167,15094180,423057829,1952989350,2662010664,68891177,462497578,388517035,417222828,500385965,1520604552,1979554866,209302579,612912882,626804535,571213625,708169530,2248307018,24467902,2232013248,446449217,2704239682,39444348,450457162,336352715,44075341,596066510,1264443344,180071223,1325596052,765035604,194450661,125391417,1390925400,174070489,455572698,844252764,2661038941,270094174,1487031462,134541575,531014858,1059004771,121685861,34298342,2187808872,37439484,453278826,121609362,286898415,195598064,382724200,379468658,28364532,77877225,2629332216,2281416313,124566602,279887611,1554312188,51111530,352034174,65509119
1321867608,
776450400,18465507,288309667,595279941,1492129664,801304129,25729219,250020587,294004619,192797102,70185137,302209106,614908991
20834658,95345048,840589501
1059004771,195598064,198644497,1092173696,240891200,378405379,827550596,19739397,1378713350,1409086657,2245032840,238021224,477390346,2636348866,215842541,27260690,29547540,185456918,2699648921,2661086105,93902580,1002854173,2662162687,298235167,15094180,423057829,1952989350,2662010664,68891177,462497578,388517035,417222828,500385965,1520604552,1979554866,209302579,612912882,626804535,571213625,708169530,2248307018,24467902,2232013248,446449217,2704239682,39444348,450457162,336352715,44075341,596066510,1264443344,180071223,1325596052,765035604,194450661,188563798,125391417,1390925400,174070489,455572698,844252764,2661038941,270094174,1487031462,134541575,531014858,121685861,34298342,2187808872,37439484,453278826,121609362,286898415,195598064,382724200,379468658,28364532,77877225,2629332216,2281416313,124566602,279887611,1554312188,51111530,352034174,65509119
1508501874,258206725
33419636,
33788284,
2562564478,
30601603,
1075624326,288309667,288309667,288309667,25589776,295838580,288309667,288309667,21994291,288309667,288309667,288309667,386897859,1016153509,288309667,288309667,637065059,25589776,288309667,288309667,288309667,288309667,288309667,288309667,388137687,288309667,288309667,288309667,288309667,288309667,288309667,595279941,288309667,288309667,878758308,1321226437,30311463,112874216,195598064,152786613,288309667
188078471,2395711885
2395711885,188078471
95345048,20834658,840589501,26184120,268498475,126783556,130544054,874303975,941720832,61261251,874303975,23257800,612768713,2248307018,107340366,302209106
284291482,
2355745183,
288309667,1075624326,459793056,1075624326,20012063,1075624326,1075624326,1075624326,595279941,776450400,18465507,595279941,1492129664,306481233,187115446,595279941,1075624326,1075624326,389775591,2582711029,1075624326,1075624326,1075624326,25589776,1075624326,1075624326,1075624326,1075624326,1075624326,1075624326,153667801,382724200,1075624326,20012063,1075624326,378369376,595279941,1075624326,1075624326,154249080,430332397,74925655,464026538,1090277222,26190214,595279941,2213622391,1075624326,595279941,1075624326,554804121,757686462,1320754843,2500601828,1075624326,1075624326,20012063,459793056,26184120,308962787,1075624326,34036028
15094180,1092173696,240891200,378405379,827550596,19739397,1378713350,1409086657,2245032840,238021224,477390346,2636348866,215842541,27260690,29547540,185456918,2699648921,2661086105,93902580,1002854173,2662162687,298235167,423057829,1952989350,2662010664,68891177,462497578,388517035,417222828,500385965,1520604552,1979554866,209302579,612912882,626804535,571213625,708169530,2248307018,24467902,2232013248,446449217,2704239682,39444348,450457162,336352715,44075341,596066510,1264443344,180071223,1325596052,765035604,194450661,188563798,125391417,1390925400,174070489,455572698,844252764,2661038941,270094174,1487031462,134541575,531014858,1059004771,121685861,34298342,2187808872,37439484,453278826,121609362,286898415,195598064,382724200,379468658,28364532,77877225,2629332216,2281416313,124566602,279887611,1554312188,51111530,352034174,65509119
423057829,1092173696,240891200,378405379,827550596,19739397,1378713350,1409086657,2245032840,238021224,477390346,2636348866,215842541,27260690,29547540,185456918,2699648921,2661086105,93902580,1002854173,2662162687,298235167,15094180,39444348,1952989350,2662010664,68891177,462497578,388517035,417222828,500385965,1520604552,1979554866,209302579,612912882,626804535,571213625,708169530,2248307018,24467902,2232013248,446449217,2704239682,450457162,336352715,44075341,596066510,1264443344,180071223,1325596052,765035604,194450661,188563798,125391417,1390925400,174070489,455572698,844252764,2661038941,270094174,1487031462,134541575,531014858,1059004771,121685861,34298342,2187808872,37439484,453278826,121609362,286898415,195598064,382724200,379468658,28364532,77877225,2629332216,2281416313,124566602,279887611,1554312188,51111530,352034174,65509119
192797102,1492129664,801304129,25729219,250020587,70185137,294004619,776450400,302209106,614908991
34857672,
130544054,95345048,26184120,268498475,126783556,874303975,85391865,28871117,388137687
26184120,95345048,268498475,126783556,130544054,874303975,459793056,308962787,288309667
93902580,1092173696,240891200,378405379,827550596,19739397,1378713350,1409086657,2245032840,238021224,477390346,2636348866,215842541,27260690,29547540,185456918,2699648921,2661086105,1002854173,2662162687,298235167,15094180,423057829,1952989350,2662010664,68891177,462497578,388517035,417222828,500385965,1520604552,1979554866,209302579,612912882,626804535,571213625,708169530,2248307018,24467902,2232013248,446449217,2704239682,39444348,450457162,336352715,44075341,596066510,1264443344,180071223,1325596052,765035604,194450661,188563798,125391417,1390925400,174070489,455572698,844252764,2661038941,270094174,1487031462,134541575,531014858,1059004771,121685861,34298342,2187808872,37439484,453278826,121609362,286898415,195598064,382724200,379468658,28364532,77877225,2629332216,2281416313,124566602,279887611,1554312188,51111530,352034174,65509119,195598064,453278826,38939946,506990418,258206725
24467902,1092173696,240891200,378405379,827550596,19739397,1378713350,1409086657,2245032840,238021224,477390346,2636348866,215842541,27260690,29547540,185456918,2699648921,2661086105,93902580,1002854173,2662162687,298235167,15094180,423057829,1952989350,2662010664,68891177,462497578,388517035,417222828,500385965,1520604552,1979554866,209302579,612912882,626804535,571213625,708169530,2248307018,124566602,2232013248,446449217,2704239682,39444348,450457162,336352715,44075341,596066510,1264443344,180071223,1325596052,765035604,194450661,188563798,125391417,1390925400,174070489,455572698,844252764,2661038941,270094174,1487031462,134541575,531014858,1059004771,121685861,34298342,2187808872,37439484,453278826,121609362,286898415,195598064,382724200,379468658,28364532,77877225,2629332216,2281416313,279887611,1554312188,51111530,352034174,65509119
2232013248,1092173696,378405379,827550596,19739397,1378713350,1409086657,2245032840,238021224,477390346,2636348866,215842541,27260690,29547540,185456918,2699648921,2661086105,93902580,1002854173,2662162687,298235167,15094180,423057829,1952989350,2662010664,68891177,462497578,388517035,417222828,500385965,1520604552,1979554866,209302579,612912882,626804535,571213625,708169530,2248307018,24467902,240891200,446449217,2704239682,39444348,450457162,336352715,44075341,596066510,1264443344,180071223,1325596052,765035604,194450661,188563798,125391417,1390925400,174070489,455572698,844252764,2661038941,270094174,1487031462,134541575,531014858,1059004771,121685861,34298342,2187808872,37439484,453278826,121609362,286898415,195598064,382724200,379468658,28364532,77877225,2629332216,2281416313,124566602,279887611,1554312188,51111530,352034174,65509119
721531338,21464903
28871117,85391865,130544054,388137687
35910095,
1966821840,1159342620,302209106,637065059,2500601828,185949950
1171149272,
878758308,1321226437,1075624326,30311463,112874216,195598064,152786613
279887611,1092173696,240891200,378405379,827550596,19739397,1378713350,1409086657,2245032840,238021224,477390346,2636348866,215842541,27260690,29547540,185456918,2699648921,2661086105,93902580,1002854173,298235167,15094180,423057829,1952989350,2662010664,68891177,462497578,388517035,417222828,500385965,1520604552,1979554866,209302579,612912882,626804535,571213625,708169530,2248307018,24467902,2232013248,446449217,2704239682,39444348,450457162,336352715,44075341,596066510,1264443344,180071223,1325596052,765035604,194450661,188563798,125391417,1390925400,174070489,455572698,844252764,2661038941,270094174,1487031462,134541575,531014858,1059004771,121685861,34298342,2187808872,37439484,453278826,121609362,286898415,195598064,382724200,379468658,28364532,77877225,2629332216,2281416313,124566602,2662162687,1554312188,51111530,352034174,65509119
34298342,1092173696,240891200,378405379,827550596,19739397,1378713350,1409086657,2245032840,238021224,477390346,2636348866,215842541,27260690,29547540,185456918,2699648921,2661086105,93902580,1002854173,2662162687,298235167,15094180,423057829,1952989350,2662010664,68891177,462497578,388517035,417222828,500385965,1520604552,1979554866,209302579,612912882,626804535,571213625,708169530,2248307018,24467902,2232013248,446449217,2704239682,39444348,450457162,336352715,44075341,596066510,1264443344,180071223,1325596052,765035604,194450661,188563798,125391417,1390925400,174070489,455572698,844252764,2661038941,270094174,1487031462,134541575,531014858,1059004771,121685861,2187808872,37439484,453278826,121609362,286898415,195598064,382724200,379468658,28364532,77877225,2629332216,2281416313,124566602,279887611,1554312188,51111530,352034174,65509119
874303975,95345048,26184120,268498475,126783556,130544054,19135591,1140878185,2580916717,35489876,496575604,947127163,1656022974,101242079,941720832,61261251,23257800,612768713,2248307018,107340366,302209106,95345048
174055915,
430332397,288309667,74925655
498380542,
85391865,425547230,614908991,28871117,130544054,388137687,2332381946
2198624766,1132546032
378405379,1092173696,240891200,194450661,827550596,19739397,1378713350,1409086657,2245032840,238021224,477390346,2636348866,215842541,27260690,29547540,185456918,2699648921,2661086105,1002854173,2662162687,298235167,15094180,423057829,1952989350,2662010664,68891177,462497578,388517035,417222828,500385965,1520604552,1979554866,209302579,612912882,626804535,571213625,708169530,2248307018,24467902,2232013248,446449217,2704239682,39444348,450457162,336352715,44075341,596066510,1264443344,180071223,1325596052,765035604,93902580,188563798,125391417,1390925400,174070489,455572698,844252764,2661038941,270094174,1487031462,134541575,531014858,1059004771,121685861,34298342,2187808872,37439484,453278826,121609362,286898415,195598064,382724200,379468658,28364532,77877225,2629332216,2281416313,124566602,279887611,1554312188,51111530,352034174,65509119
572348932,2286153043
289686023,
25944585,
2508491276,19135591
188842512,
1159342620,1966821840,302209106,637065059,2500601828,185949950
448459293,
1574347304,1092173696,2305711009,28212345
68891177,1092173696,240891200,378405379,827550596,19739397,1378713350,1409086657,2245032840,238021224,477390346,2636348866,215842541,27260690,29547540,185456918,2699648921,2661086105,93902580,1002854173,2662162687,298235167,15094180,423057829,1952989350,2662010664,462497578,388517035,417222828,500385965,1520604552,1979554866,209302579,612912882,626804535,571213625,708169530,2248307018,24467902,2232013248,446449217,2704239682,39444348,450457162,336352715,44075341,596066510,1264443344,180071223,1325596052,765035604,194450661,188563798,125391417,1390925400,174070489,455572698,844252764,2661038941,270094174,1487031462,134541575,531014858,1059004771,121685861,34298342,2187808872,37439484,453278826,121609362,286898415,195598064,382724200,379468658,28364532,77877225,2629332216,2281416313,124566602,279887611,1554312188,51111530,352034174,65509119
1304392238,
32719409,281358107,386897859,382724200
125391417,1092173696,240891200,378405379,827550596,19739397,1378713350,1409086657,2245032840,238021224,477390346,2636348866,215842541,27260690,29547540,185456918,2699648921,2661086105,93902580,1002854173,2662162687,298235167,15094180,423057829,1952989350,2662010664,68891177,462497578,388517035,417222828,500385965,1520604552,1979554866,209302579,612912882,626804535,571213625,708169530,2248307018,24467902,2232013248,446449217,2704239682,39444348,450457162,336352715,44075341,596066510,1264443344,180071223,1325596052,765035604,194450661,188563798,1390925400,174070489,455572698,844252764,2661038941,270094174,1487031462,134541575,531014858,1059004771,121685861,34298342,2187808872,37439484,453278826,121609362,286898415,195598064,382724200,379468658,28364532,77877225,2629332216,2281416313,124566602,279887611,1554312188,51111530,352034174,65509119
30392891,20204927
1579303495,26043264,334948388,34538415,195598064,379468658,2382714271
402702924,
107340366,941720832,61261251,874303975,23257800,612768713,2248307018,302209106,95345048
372945336,
624484953,
2287188571,23846946,29883563,840589501,1401533365
238021224,1092173696,240891200,378405379,827550596,19739397,1378713350,1409086657,2245032840,39444348,477390346,2636348866,215842541,27260690,29547540,185456918,2699648921,2661086105,93902580,1002854173,2662162687,298235167,15094180,423057829,1952989350,2662010664,68891177,462497578,388517035,417222828,500385965,1520604552,1979554866,209302579,612912882,626804535,571213625,708169530,2248307018,24467902,2232013248,446449217,2704239682,450457162,336352715,44075341,596066510,1264443344,180071223,1325596052,765035604,194450661,188563798,125391417,1390925400,174070489,455572698,844252764,2661038941,270094174,1487031462,134541575,531014858,1059004771,121685861,34298342,2187808872,37439484,453278826,121609362,286898415,195598064,382724200,379468658,28364532,77877225,2629332216,2281416313,124566602,279887611,1554312188,51111530,352034174,65509119
382724200,1092173696,240891200,378405379,827550596,19739397,1378713350,1409086657,2245032840,39444348,477390346,2636348866,215842541,27260690,29547540,185456918,2699648921,2661086105,93902580,1002854173,2662162687,298235167,15094180,423057829,1952989350,2662010664,68891177,462497578,388517035,417222828,500385965,1520604552,1979554866,209302579,612912882,626804535,571213625,708169530,2248307018,24467902,2232013248,446449217,2704239682,450457162,336352715,44075341,596066510,1264443344,180071223,1325596052,765035604,194450661,188563798,125391417,1390925400,174070489,455572698,844252764,2661038941,270094174,1487031462,134541575,531014858,1059004771,121685861,34298342,2187808872,37439484,453278826,121609362,286898415,195598064,238021224,379468658,28364532,77877225,2629332216,2281416313,124566602,279887611,1554312188,51111530,352034174,65509119,228242072,110873458,633673932,220905694,288309667,20868446,32719409
2522753653,
2213622391,288309667
7385722,
1579389564,
433980039,
23257800,941720832,61261251,874303975,612768713,2248307018,107340366,302209106,95345048
329984657,
1075440278,
407834393,
228242072,382724200,110873458,633673932,220905694
2436422304,
223593132,
59863732,17843816,20012063,74033044,15159590,974048503
41292482,
65843912,
1305641677,
30601935,1865041200
336364244,
388137687,1075624326,85391865,28871117,130544054,2332381946,21994291
174070489,1092173696,240891200,378405379,827550596,19739397,1378713350,1409086657,2245032840,238021224,477390346,2636348866,215842541,27260690,29547540,185456918,2699648921,2661086105,93902580,1002854173,2662162687,298235167,15094180,423057829,1952989350,2662010664,68891177,462497578,388517035,417222828,500385965,1520604552,1979554866,209302579,626804535,571213625,708169530,2248307018,24467902,2232013248,446449217,2704239682,39444348,450457162,336352715,44075341,596066510,1264443344,180071223,1325596052,765035604,194450661,188563798,125391417,1390925400,612912882,455572698,844252764,2661038941,270094174,1487031462,134541575,531014858,1059004771,121685861,34298342,2187808872,37439484,453278826,121609362,286898415,195598064,382724200,379468658,28364532,77877225,2629332216,2281416313,124566602,279887611,1554312188,51111530,352034174,65509119
437304028,2361445699,531014858,596066510,195598064,180071223,19524953
18465507,776450400,288309667,595279941,27901552,30822441,14280731,37863672,17843816,18234247
112874216,878758308,1321226437,1075624326,30311463,195598064,152786613
250020587,1492129664,801304129,25729219,70185137,294004619,192797102,776450400,302209106,614908991
1113594607,
2582711029,945298825,21464903,595279941,288309667,2332381946,77425961,25589776
2332381946,935869650,595279941,2582711029,85391865,21994291,388137687,52955948
26691370,25729219,1008185132,152786613,83786614
19739397,1092173696,240891200,378405379,827550596,1378713350,1409086657,2245032840,238021224,477390346,2636348866,215842541,27260690,29547540,185456918,2699648921,2661086105,93902580,1002854173,2662162687,298235167,15094180,423057829,1952989350,2662010664,68891177,462497578,388517035,417222828,500385965,1520604552,1979554866,209302579,612912882,626804535,571213625,708169530,2248307018,24467902,2232013248,446449217,2704239682,39444348,450457162,336352715,44075341,596066510,1264443344,180071223,1325596052,765035604,194450661,188563798,125391417,1390925400,174070489,455572698,844252764,2661038941,270094174,1487031462,134541575,531014858,1059004771,121685861,34298342,2187808872,37439484,453278826,121609362,286898415,195598064,382724200,379468658,28364532,77877225,2629332216,2281416313,124566602,279887611,1554312188,51111530,352034174,65509119
35420942,
198644497,195598064,1059004771
251280153,
1518039836,329121746,38347570
52955948,2332381946
1461015343,
38347570,329121746,1518039836
21994291,1075624326,2332381946,388137687
48690654,
180071223,1092173696,240891200,378405379,827550596,19739397,1378713350,1409086657,2245032840,238021224,477390346,2636348866,215842541,27260690,29547540,185456918,2699648921,2661086105,93902580,1002854173,2662162687,298235167,15094180,423057829,1952989350,2662010664,68891177,462497578,388517035,417222828,500385965,1520604552,1979554866,209302579,626804535,571213625,708169530,2248307018,24467902,2232013248,446449217,2704239682,39444348,450457162,336352715,44075341,596066510,1264443344,612912882,1325596052,765035604,194450661,188563798,125391417,1390925400,174070489,455572698,844252764,2661038941,270094174,1487031462,134541575,531014858,1059004771,121685861,34298342,2187808872,37439484,453278826,121609362,286898415,195598064,382724200,379468658,28364532,77877225,2629332216,2281416313,124566602,279887611,1554312188,51111530,352034174,65509119,1092173696,2361445699,213455679,2361445699,531014858,596066510,195598064,19524953,437304028
213455679,1092173696,2361445699,180071223,195598064,34538415
91528003,348904976,2338920056,23629916
80937804,
1214540629,
2289040219,
2661038941,1092173696,240891200,378405379,827550596,19739397,1378713350,1409086657,2245032840,238021224,477390346,2636348866,215842541,27260690,29547540,185456918,2699648921,2661086105,93902580,1002854173,2662162687,298235167,15094180,423057829,1952989350,2662010664,68891177,462497578,388517035,417222828,500385965,1520604552,1979554866,209302579,612912882,626804535,571213625,708169530,2248307018,24467902,2232013248,446449217,2704239682,39444348,450457162,336352715,44075341,596066510,1264443344,180071223,765035604,194450661,188563798,125391417,1390925400,174070489,455572698,844252764,1325596052,270094174,1487031462,134541575,531014858,1059004771,121685861,34298342,2187808872,37439484,453278826,121609362,286898415,195598064,382724200,379468658,28364532,77877225,2629332216,2281416313,124566602,279887611,1554312188,51111530,352034174,65509119
155774437,2654471102
216826720,23518131,1582566980
1140878185,874303975,19135591,2580916717,35489876,496575604,947127163,1656022974,101242079
41263980,30822441,268498475,840589501
379468658,1092173696,240891200,378405379,827550596,19739397,1378713350,1409086657,2245032840,238021224,477390346,2636348866,215842541,27260690,29547540,185456918,2699648921,2661086105,93902580,1002854173,2662162687,298235167,15094180,423057829,1952989350,2662010664,68891177,462497578,388517035,417222828,500385965,1520604552,1979554866,209302579,626804535,571213625,708169530,2248307018,24467902,2232013248,446449217,2704239682,39444348,450457162,336352715,44075341,596066510,1264443344,180071223,1325596052,765035604,194450661,188563798,125391417,1390925400,174070489,455572698,844252764,2661038941,270094174,1487031462,134541575,531014858,1059004771,121685861,34298342,2187808872,37439484,453278826,121609362,286898415,195598064,382724200,612912882,28364532,77877225,2629332216,2281416313,124566602,279887611,1554312188,51111530,352034174,65509119,26043264,334948388,1579303495,34538415,195598064,2382714271
295838580,25589776,1075624326,840589501
260574069,
83786614,26691370,25729219,1008185132,152786613
947127163,874303975,1140878185,19135591,2580916717,35489876,496575604,1656022974,101242079
970990460,
26043264,334948388,1579303495,34538415,195598064,379468658,2382714271
827550596,1092173696,240891200,378405379,2662162687,19739397,1378713350,1409086657,2245032840,238021224,477390346,2636348866,215842541,27260690,29547540,185456918,2699648921,2661086105,93902580,1002854173,298235167,15094180,423057829,1952989350,2662010664,68891177,462497578,388517035,417222828,500385965,1520604552,1979554866,209302579,612912882,626804535,571213625,708169530,2248307018,24467902,2232013248,446449217,2704239682,39444348,450457162,336352715,44075341,596066510,1264443344,180071223,1325596052,765035604,194450661,188563798,125391417,1390925400,174070489,455572698,844252764,2661038941,270094174,1487031462,134541575,531014858,1059004771,121685861,34298342,2187808872,37439484,453278826,121609362,286898415,195598064,382724200,379468658,28364532,77877225,2629332216,2281416313,124566602,279887611,1554312188,51111530,352034174,65509119
18234247,37863672,17843816,18465507
2245032840,1092173696,240891200,378405379,827550596,19739397,1378713350,1409086657,1520604552,238021224,477390346,2636348866,215842541,27260690,29547540,185456918,2699648921,2661086105,93902580,1002854173,2662162687,298235167,15094180,423057829,1952989350,2662010664,68891177,462497578,388517035,417222828,500385965,1979554866,209302579,612912882,626804535,571213625,708169530,2248307018,24467902,2232013248,446449217,2704239682,39444348,450457162,336352715,44075341,596066510,1264443344,180071223,1325596052,765035604,194450661,188563798,125391417,1390925400,174070489,455572698,844252764,2661038941,270094174,1487031462,134541575,531014858,1059004771,121685861,34298342,2187808872,37439484,453278826,121609362,286898415,195598064,382724200,379468658,28364532,77877225,2629332216,2281416313,124566602,279887611,1554312188,51111530,352034174,65509119
457008009,
294004619,1492129664,801304129,25729219,70185137,250020587,192797102,776450400,302209106,614908991
2580916717,874303975,1140878185,19135591,35489876,496575604,947127163,1656022974,101242079
604605328,
88972178,
2661086105,1092173696,240891200,378405379,827550596,19739397,1378713350,1409086657,2245032840,238021224,477390346,2636348866,215842541,27260690,29547540,185456918,2699648921,93902580,1002854173,2662162687,298235167,15094180,423057829,1952989350,2662010664,68891177,462497578,388517035,417222828,500385965,1520604552,1979554866,209302579,612912882,626804535,571213625,708169530,2248307018,24467902,2232013248,446449217,2704239682,39444348,450457162,336352715,44075341,596066510,1264443344,180071223,1325596052,765035604,194450661,188563798,125391417,1390925400,174070489,455572698,844252764,2661038941,270094174,1487031462,134541575,531014858,1059004771,121685861,34298342,2187808872,37439484,453278826,121609362,286898415,195598064,382724200,379468658,28364532,77877225,2629332216,2281416313,124566602,279887611,1554312188,51111530,352034174,65509119
2196659100,
2305711009,1092173696,28212345,1574347304
464026538,17843816,288309667
36803502,2263124065,65398978,23508475,531014858,195638895,14280731
34538415,1226444281,633673932,1320754843,20012063,26043264,334948388,1579303495,195598064,379468658,2382714271,64634650,1449795776,213455679
23518131,216826720,1582566980
1401533365,29883563,23846946,2287188571,840589501
2654471102,155774437
2175208387,633673932
612768713,941720832,61261251,874303975,23257800,2248307018,107340366,302209106,95345048
2582840293,
219399157,
1554312188,1092173696,240891200,378405379,827550596,19739397,1378713350,1409086657,2245032840,238021224,477390346,2636348866,215842541,27260690,29547540,185456918,2699648921,2661086105,93902580,1002854173,2662162687,298235167,15094180,423057829,1952989350,2662010664,68891177,462497578,388517035,417222828,500385965,1520604552,1979554866,209302579,612912882,626804535,571213625,708169530,2248307018,24467902,2232013248,446449217,2704239682,39444348,450457162,336352715,44075341,596066510,1264443344,180071223,1325596052,765035604,194450661,188563798,125391417,1390925400,174070489,455572698,844252764,2661038941,270094174,1487031462,134541575,531014858,1059004771,121685861,34298342,2187808872,77877225,453278826,121609362,286898415,195598064,382724200,379468658,28364532,2629332216,2281416313,124566602,279887611,37439484,51111530,352034174,65509119
18418688,
16604715,
29883563,23846946,2287188571,840589501,1401533365
258206725,195598064,453278826,38939946,93902580,506990418,1508501874
722828298,
900367375,130021280,1873507465,268498475,407410065,23551474,54114905,62731609
49622034,
29547540,1092173696,240891200,378405379,827550596,19739397,1378713350,1409086657,2245032840,238021224,477390346,2636348866,215842541,27260690,124566602,185456918,2699648921,2661086105,93902580,1002854173,2662162687,298235167,15094180,423057829,1952989350,2662010664,68891177,462497578,388517035,417222828,500385965,1520604552,1979554866,209302579,612912882,626804535,571213625,708169530,2248307018,24467902,2232013248,446449217,2704239682,39444348,450457162,336352715,44075341,596066510,1264443344,180071223,1325596052,765035604,194450661,188563798,125391417,1390925400,174070489,455572698,844252764,2661038941,270094174,1487031462,134541575,531014858,1059004771,121685861,34298342,2187808872,37439484,453278826,121609362,286898415,195598064,382724200,379468658,28364532,77877225,2629332216,2281416313,279887611,1554312188,51111530,352034174,65509119
163376154,
20012063,288309667,1320754843,34538415,288309667,17843816,74033044,59863732,15159590,974048503,288309667
570653730,
175328292,797146410
30311463,878758308,1321226437,1075624326,112874216,195598064,152786613
125527082,
1979554866,1092173696,240891200,378405379,827550596,19739397,1378713350,1409086657,2245032840,238021224,477390346,2636348866,215842541,27260690,29547540,185456918,2699648921,2661086105,93902580,1002854173,2662162687,298235167,15094180,423057829,1952989350,2662010664,68891177,462497578,388517035,417222828,500385965,1520604552,1325596052,209302579,612912882,626804535,571213625,708169530,2248307018,24467902,2232013248,446449217,2704239682,39444348,450457162,336352715,44075341,596066510,1264443344,180071223,765035604,194450661,188563798,125391417,1390925400,174070489,455572698,844252764,2661038941,270094174,1487031462,134541575,531014858,1059004771,121685861,34298342,2187808872,37439484,453278826,121609362,286898415,195598064,382724200,379468658,28364532,77877225,2629332216,2281416313,124566602,279887611,1554312188,51111530,352034174,65509119
209302579,1092173696,240891200,378405379,827550596,19739397,1378713350,1409086657,2245032840,238021224,477390346,2636348866,215842541,27260690,29547540,185456918,2699648921,2661086105,93902580,1002854173,2662162687,298235167,15094180,423057829,1952989350,2662010664,68891177,462497578,388517035,417222828,500385965,1520604552,1979554866,612912882,626804535,571213625,708169530,2248307018,24467902,2232013248,446449217,2704239682,39444348,450457162,336352715,44075341,596066510,1264443344,180071223,1325596052,765035604,194450661,188563798,125391417,1390925400,174070489,455572698,844252764,2661038941,270094174,1487031462,134541575,531014858,1059004771,121685861,34298342,2187808872,37439484,453278826,121609362,286898415,195598064,382724200,379468658,28364532,77877225,2629332216,2281416313,124566602,279887611,1554312188,51111530,352034174,65509119
56783930,386897859,1483644606
614908991,85391865,425547230,1492129664,801304129,25729219,250020587,70185137,294004619,192797102,776450400,302209106
2704239682,1092173696,240891200,378405379,827550596,19739397,1378713350,1409086657,2245032840,238021224,477390346,93902580,215842541,27260690,29547540,185456918,2699648921,2661086105,1002854173,2662162687,298235167,15094180,423057829,1952989350,2662010664,68891177,462497578,388517035,417222828,500385965,1520604552,1979554866,209302579,612912882,626804535,571213625,708169530,2248307018,24467902,2232013248,446449217,2636348866,39444348,450457162,336352715,44075341,596066510,1264443344,180071223,1325596052,765035604,194450661,188563798,125391417,1390925400,174070489,455572698,844252764,2661038941,270094174,1487031462,134541575,531014858,1059004771,121685861,34298342,2187808872,37439484,453278826,121609362,286898415,195598064,382724200,379468658,28364532,77877225,2629332216,2281416313,124566602,279887611,1554312188,51111530,352034174,65509119
337132613,
1869081672,
124566602,1092173696,240891200,378405379,827550596,19739397,1378713350,1409086657,2245032840,238021224,477390346,2636348866,215842541,27260690,29547540,185456918,2699648921,2661086105,93902580,1002854173,2662162687,298235167,15094180,423057829,1952989350,2662010664,68891177,462497578,388517035,417222828,500385965,1520604552,1979554866,209302579,612912882,626804535,571213625,708169530,2248307018,24467902,2232013248,446449217,2704239682,39444348,450457162,336352715,44075341,596066510,1264443344,180071223,1325596052,765035604,194450661,188563798,125391417,1390925400,174070489,455572698,844252764,2661038941,270094174,1487031462,134541575,531014858,1059004771,121685861,34298342,2187808872,37439484,453278826,121609362,286898415,195598064,382724200,379468658,28364532,77877225,2629332216,2281416313,279887611,1554312188,51111530,352034174,65509119
779119693,
112368718,
765035604,1092173696,240891200,378405379,827550596,19739397,1378713350,1409086657,2245032840,238021224,477390346,2636348866,215842541,27260690,29547540,185456918,2699648921,2661086105,93902580,1002854173,2662162687,298235167,15094180,423057829,1952989350,2662010664,68891177,462497578,388517035,417222828,500385965,1520604552,1979554866,209302579,612912882,626804535,571213625,708169530,2248307018,24467902,2232013248,446449217,2704239682,39444348,450457162,336352715,44075341,596066510,1264443344,180071223,1325596052,194450661,188563798,125391417,1390925400,174070489,455572698,844252764,2661038941,270094174,1487031462,134541575,531014858,1059004771,121685861,34298342,2187808872,37439484,453278826,121609362,286898415,195598064,382724200,379468658,28364532,77877225,2629332216,2281416313,124566602,279887611,1554312188,51111530,352034174,65509119,34829536,531014858,1452715093
1452715093,34829536,531014858,765035604
348904976,2338920056,91528003,23629916
994278499,
19135591,2508491276,874303975,1140878185,2580916717,35489876,496575604,947127163,1656022974,101242079
453278826,1092173696,240891200,378405379,827550596,19739397,1378713350,1409086657,2245032840,238021224,477390346,2636348866,215842541,27260690,29547540,185456918,2699648921,2661086105,93902580,1002854173,2662162687,298235167,15094180,423057829,1952989350,2662010664,68891177,462497578,388517035,417222828,500385965,1520604552,1979554866,209302579,612912882,626804535,571213625,708169530,2248307018,24467902,2232013248,446449217,2704239682,39444348,450457162,336352715,44075341,596066510,1264443344,180071223,1325596052,765035604,194450661,188563798,125391417,1390925400,174070489,455572698,844252764,2661038941,270094174,1487031462,134541575,531014858,1059004771,121685861,34298342,2187808872,37439484,51111530,121609362,286898415,195598064,382724200,379468658,28364532,77877225,2629332216,2281416313,124566602,279887611,1554312188,352034174,65509119,195598064,506990418,38939946,93902580,258206725
191607920,
496575604,874303975,1140878185,19135591,2580916717,35489876,947127163,1656022974,101242079
539460726,
16688247,
28212345,1092173696,2305711009,1574347304
1873507465,130021280,268498475,900367375,407410065,23551474,54114905,62731609
121609362,1092173696,240891200,378405379,827550596,19739397,1378713350,1409086657,2245032840,238021224,477390346,2636348866,27260690,29547540,185456918,2699648921,2661086105,93902580,1002854173,2662162687,298235167,15094180,423057829,1952989350,2662010664,68891177,462497578,388517035,417222828,500385965,1520604552,1979554866,209302579,612912882,626804535,571213625,708169530,2248307018,24467902,2232013248,446449217,2704239682,39444348,450457162,336352715,44075341,596066510,1264443344,180071223,1325596052,765035604,194450661,188563798,125391417,1390925400,174070489,455572698,844252764,2661038941,270094174,1487031462,134541575,531014858,1059004771,121685861,34298342,2187808872,37439484,453278826,215842541,286898415,195598064,382724200,379468658,28364532,77877225,2629332216,2281416313,124566602,279887611,1554312188,51111530,352034174,65509119
2362301592,
1922155674,
1487031462,1092173696,240891200,378405379,827550596,19739397,1378713350,1409086657,2245032840,238021224,477390346,2636348866,215842541,27260690,29547540,185456918,2699648921,2661086105,1002854173,2662162687,298235167,15094180,423057829,1952989350,2662010664,68891177,462497578,388517035,417222828,500385965,1520604552,1979554866,209302579,612912882,626804535,571213625,708169530,2248307018,24467902,2232013248,446449217,2704239682,39444348,450457162,336352715,44075341,596066510,1264443344,180071223,1325596052,765035604,93902580,188563798,125391417,1390925400,174070489,455572698,844252764,2661038941,270094174,194450661,134541575,531014858,1059004771,121685861,34298342,2187808872,37439484,453278826,121609362,286898415,195598064,382724200,379468658,28364532,77877225,2629332216,2281416313,124566602,279887611,1554312188,51111530,352034174,65509119
388517035,1092173696,240891200,378405379,827550596,19739397,1378713350,1409086657,2245032840,238021224,477390346,2636348866,215842541,27260690,29547540,185456918,2699648921,2661086105,93902580,1002854173,2662162687,298235167,15094180,423057829,1952989350,2662010664,68891177,462497578,134541575,417222828,500385965,1520604552,1979554866,209302579,612912882,626804535,571213625,708169530,2248307018,24467902,2232013248,446449217,2704239682,39444348,450457162,336352715,44075341,596066510,1264443344,180071223,1325596052,765035604,194450661,188563798,125391417,1390925400,174070489,455572698,844252764,2661038941,270094174,1487031462,531014858,1059004771,121685861,34298342,2187808872,37439484,453278826,121609362,286898415,195598064,382724200,379468658,28364532,77877225,2629332216,2281416313,124566602,279887611,1554312188,51111530,352034174,65509119
110873458,382724200,228242072,633673932,220905694
34415798,
1409086657,1092173696,240891200,378405379,827550596,19739397,1378713350,134541575,2245032840,238021224,477390346,2636348866,215842541,27260690,29547540,185456918,2699648921,2661086105,93902580,1002854173,2662162687,298235167,15094180,423057829,1952989350,2662010664,68891177,462497578,388517035,417222828,500385965,1520604552,1979554866,209302579,612912882,626804535,571213625,708169530,2248307018,24467902,2232013248,446449217,2704239682,39444348,450457162,336352715,44075341,596066510,1264443344,180071223,1325596052,765035604,194450661,188563798,125391417,1390925400,174070489,455572698,844252764,2661038941,270094174,1487031462,531014858,1059004771,121685861,34298342,2187808872,37439484,453278826,121609362,286898415,195598064,382724200,379468658,28364532,77877225,2629332216,2281416313,124566602,279887611,1554312188,51111530,352034174,65509119
69002436,
531014858,840589501,195638895,1092173696,240891200,378405379,827550596,19739397,1378713350,1409086657,2245032840,238021224,477390346,2636348866,215842541,27260690,29547540,185456918,2699648921,2661086105,93902580,1002854173,2662162687,298235167,15094180,423057829,1952989350,2662010664,68891177,462497578,388517035,417222828,500385965,1520604552,1979554866,209302579,612912882,626804535,571213625,708169530,2248307018,24467902,2232013248,446449217,2704239682,39444348,450457162,336352715,44075341,596066510,1264443344,180071223,1325596052,765035604,194450661,188563798,125391417,1390925400,174070489,455572698,844252764,2661038941,270094174,1487031462,134541575,1059004771,121685861,34298342,2187808872,37439484,453278826,121609362,286898415,195598064,382724200,379468658,28364532,77877225,2629332216,2281416313,124566602,279887611,1554312188,51111530,352034174,65509119,2263124065,65398978,23508475,36803502,195638895,14280731,464866633,59018634,305162360,450457162,2361445699,596066510,195598064,180071223,19524953,437304028,34829536,765035604,1452715093
935869650,2332381946
455572698,1092173696,240891200,378405379,827550596,19739397,1378713350,1409086657,2245032840,238021224,477390346,2636348866,215842541,27260690,29547540,185456918,2699648921,2661086105,93902580,1002854173,2662162687,298235167,15094180,423057829,1952989350,2662010664,68891177,462497578,388517035,417222828,500385965,1520604552,1979554866,209302579,612912882,626804535,571213625,708169530,2248307018,24467902,2232013248,446449217,2704239682,39444348,450457162,336352715,44075341,596066510,1264443344,180071223,1325596052,765035604,194450661,188563798,125391417,1390925400,174070489,844252764,2661038941,270094174,1487031462,134541575,531014858,1059004771,121685861,34298342,2187808872,37439484,453278826,121609362,286898415,195598064,382724200,379468658,28364532,77877225,2629332216,2281416313,124566602,279887611,1554312188,51111530,352034174,65509119
101242079,874303975,1140878185,19135591,2580916717,35489876,496575604,947127163,1656022974
34829536,531014858,765035604,1452715093
51969251,
194450661,1092173696,240891200,378405379,827550596,19739397,1378713350,1409086657,2245032840,238021224,477390346,2636348866,215842541,27260690,29547540,185456918,2699648921,2661086105,1002854173,2662162687,298235167,15094180,423057829,1952989350,2662010664,68891177,462497578,388517035,417222828,500385965,1520604552,1979554866,209302579,612912882,626804535,571213625,708169530,2248307018,24467902,2232013248,446449217,2704239682,39444348,450457162,336352715,44075341,596066510,1264443344,180071223,1325596052,765035604,93902580,188563798,125391417,1390925400,174070489,455572698,844252764,2661038941,270094174,1487031462,134541575,531014858,1059004771,121685861,34298342,2187808872,37439484,453278826,121609362,286898415,195598064,382724200,379468658,28364532,77877225,2629332216,2281416313,124566602,279887611,1554312188,51111530,352034174,65509119
110569340,382277755
1427694828,37765062
1546575086,
264391922,
209816819,
974048503,17843816,74033044,59863732,15159590,20012063
2629332216,1092173696,240891200,378405379,827550596,19739397,1378713350,1409086657,2245032840,238021224,477390346,2636348866,215842541,27260690,29547540,185456918,2699648921,2661086105,93902580,1002854173,2662162687,298235167,15094180,423057829,1952989350,2662010664,68891177,462497578,388517035,417222828,500385965,1520604552,1979554866,209302579,612912882,626804535,571213625,708169530,2248307018,24467902,2232013248,446449217,2704239682,39444348,450457162,336352715,44075341,596066510,1264443344,180071223,1325596052,765035604,194450661,188563798,125391417,1390925400,174070489,455572698,844252764,2661038941,270094174,1487031462,134541575,531014858,1059004771,121685861,34298342,2187808872,37439484,453278826,121609362,286898415,195598064,382724200,379468658,28364532,77877225,2281416313,124566602,279887611,1554312188,51111530,352034174,65509119
1280744701,
941720832,61261251,874303975,23257800,612768713,2248307018,107340366,302209106,95345048
1492129664,306481233,288309667,776450400,801304129,25729219,250020587,294004619,192797102,70185137,302209106,614908991
157226243,
38003991,
422876441,
321553694,
298235167,1092173696,240891200,378405379,827550596,19739397,1378713350,1409086657,2245032840,238021224,477390346,2636348866,215842541,27260690,29547540,185456918,2699648921,2661086105,93902580,1002854173,2662162687,15094180,423057829,1952989350,2662010664,68891177,462497578,388517035,417222828,500385965,1520604552,1979554866,209302579,612912882,626804535,571213625,708169530,2248307018,24467902,2232013248,446449217,2704239682,39444348,450457162,336352715,44075341,596066510,1264443344,180071223,1325596052,765035604,194450661,188563798,125391417,1390925400,174070489,455572698,844252764,2661038941,270094174,1487031462,134541575,531014858,1059004771,121685861,34298342,2187808872,37439484,453278826,121609362,286898415,195598064,382724200,379468658,28364532,77877225,2629332216,2281416313,124566602,279887611,1554312188,51111530,352034174,65509119
603036960,
255886626,
77425961,2582711029,195598064
38939946,195598064,93902580,453278826,506990418,258206725
1865041200,308962787,71016358,30601935
220905694,1596639470,382724200,228242072,110873458,633673932
240891200,1092173696,378405379,827550596,19739397,1378713350,1409086657,2245032840,238021224,477390346,2636348866,215842541,27260690,29547540,185456918,2699648921,2661086105,93902580,1002854173,2662162687,298235167,15094180,423057829,1952989350,2662010664,68891177,462497578,388517035,417222828,500385965,1520604552,1979554866,209302579,612912882,626804535,571213625,708169530,2248307018,24467902,2232013248,446449217,2704239682,39444348,450457162,336352715,44075341,596066510,1264443344,180071223,1325596052,765035604,194450661,188563798,125391417,1390925400,174070489,455572698,844252764,2661038941,270094174,1487031462,134541575,531014858,1059004771,121685861,34298342,2187808872,37439484,453278826,121609362,286898415,195598064,382724200,379468658,28364532,77877225,2629332216,2281416313,124566602,279887611,1554312188,51111530,352034174,65509119
2361445699,1092173696,180071223,213455679,1092173696,531014858,596066510,195598064,180071223,19524953,437304028
464866633,59018634,531014858
845938910,327557184,250322589,595279941
2286153043,572348932
62731609,130021280,1873507465,268498475,900367375,407410065,23551474,54114905
20868446,382724200
378369376,288309667,595279941
352034174,1092173696,240891200,378405379,827550596,19739397,1378713350,1409086657,2245032840,238021224,477390346,2636348866,215842541,27260690,29547540,185456918,2699648921,2661086105,93902580,1002854173,2662162687,298235167,15094180,423057829,1952989350,2662010664,68891177,462497578,388517035,417222828,500385965,1520604552,1979554866,209302579,612912882,626804535,571213625,708169530,2248307018,24467902,2232013248,446449217,2704239682,39444348,450457162,336352715,44075341,596066510,1264443344,180071223,1325596052,765035604,194450661,188563798,125391417,1390925400,174070489,455572698,844252764,2661038941,270094174,1487031462,134541575,531014858,1059004771,121685861,34298342,2187808872,37439484,453278826,121609362,286898415,195598064,382724200,379468658,28364532,77877225,2629332216,2281416313,124566602,279887611,1554312188,51111530,65509119
20204927,30392891
446449217,1092173696,240891200,378405379,827550596,19739397,1378713350,134541575,2245032840,238021224,477390346,2636348866,215842541,27260690,29547540,185456918,2699648921,2661086105,93902580,1002854173,2662162687,298235167,15094180,423057829,1952989350,2662010664,68891177,462497578,388517035,417222828,500385965,1520604552,1979554866,209302579,612912882,626804535,571213625,708169530,2248307018,24467902,2232013248,1409086657,2704239682,39444348,450457162,336352715,44075341,596066510,1264443344,180071223,1325596052,765035604,194450661,188563798,125391417,1390925400,174070489,455572698,844252764,2661038941,270094174,1487031462,531014858,1059004771,121685861,34298342,2187808872,37439484,453278826,121609362,286898415,195598064,382724200,379468658,28364532,77877225,2629332216,2281416313,124566602,279887611,1554312188,51111530,352034174,65509119
1520604552,1092173696,240891200,378405379,827550596,19739397,1378713350,1409086657,2245032840,238021224,477390346,2636348866,215842541,27260690,29547540,185456918,2699648921,2661086105,93902580,1002854173,2662162687,298235167,15094180,423057829,1952989350,2662010664,68891177,462497578,388517035,417222828,500385965,1979554866,209302579,612912882,626804535,571213625,708169530,2248307018,24467902,2232013248,446449217,2704239682,39444348,450457162,336352715,44075341,596066510,1264443344,180071223,1325596052,765035604,194450661,188563798,125391417,1390925400,174070489,455572698,844252764,2661038941,270094174,1487031462,134541575,531014858,1059004771,121685861,34298342,2187808872,37439484,453278826,121609362,286898415,195598064,382724200,379468658,28364532,77877225,2629332216,2281416313,124566602,279887611,1554312188,51111530,352034174,65509119
945298825,2582711029
59018634,464866633,531014858
407410065,130021280,1873507465,268498475,900367375,23551474,54114905,62731609
1325596052,1092173696,240891200,378405379,827550596,19739397,1378713350,1409086657,2245032840,238021224,477390346,2636348866,215842541,27260690,29547540,185456918,2699648921,2661086105,93902580,1002854173,2662162687,298235167,15094180,423057829,1952989350,2662010664,68891177,462497578,388517035,417222828,500385965,1520604552,1979554866,209302579,612912882,626804535,571213625,708169530,2248307018,24467902,2232013248,446449217,2704239682,39444348,450457162,336352715,44075341,596066510,1264443344,180071223,765035604,194450661,188563798,125391417,1390925400,174070489,455572698,844252764,2661038941,270094174,1487031462,134541575,531014858,1059004771,121685861,34298342,2187808872,37439484,453278826,121609362,286898415,195598064,382724200,379468658,28364532,77877225,2629332216,2281416313,124566602,279887611,1554312188,51111530,352034174,65509119
445050261,
554804121,288309667
2382714271,26043264,334948388,1579303495,34538415,195598064,379468658
1016153509,126783556,79923142,21464903,106446857,268498475,506990418,1562665182,154249080,30994206,386897859,1075624326
1634688422,
958156218,
2636348866,1092173696,240891200,378405379,827550596,19739397,1378713350,1409086657,2245032840,238021224,477390346,93902580,215842541,27260690,29547540,185456918,2699648921,2661086105,1002854173,2662162687,298235167,15094180,423057829,1952989350,2662010664,68891177,462497578,388517035,417222828,500385965,1520604552,1979554866,209302579,612912882,626804535,571213625,708169530,2248307018,24467902,2232013248,446449217,2704239682,39444348,450457162,336352715,44075341,596066510,1264443344,180071223,1325596052,765035604,194450661,188563798,125391417,1390925400,174070489,455572698,844252764,2661038941,270094174,1487031462,134541575,531014858,1059004771,121685861,34298342,2187808872,37439484,453278826,121609362,286898415,195598064,382724200,379468658,28364532,77877225,2629332216,2281416313,124566602,279887611,1554312188,51111530,352034174,65509119
61261251,941720832,874303975,23257800,612768713,2248307018,107340366,302209106,95345048
336352715,1092173696,240891200,378405379,827550596,19739397,1378713350,1409086657,2245032840,238021224,477390346,2636348866,215842541,27260690,29547540,185456918,2699648921,2661086105,93902580,1002854173,2662162687,298235167,15094180,423057829,1952989350,2662010664,68891177,462497578,388517035,417222828,500385965,1520604552,1979554866,209302579,626804535,571213625,708169530,2248307018,24467902,2232013248,446449217,2704239682,39444348,450457162,180071223,44075341,596066510,1264443344,612912882,1325596052,765035604,194450661,188563798,125391417,1390925400,174070489,455572698,844252764,2661038941,270094174,1487031462,134541575,531014858,1059004771,121685861,34298342,2187808872,37439484,453278826,121609362,286898415,195598064,382724200,379468658,28364532,77877225,2629332216,2281416313,124566602,279887611,1554312188,51111530,352034174,65509119
17350107,
425547230,85391865,614908991
21159393,
308962787,1865041200,71016358,459793056,26184120,288309667
71016358,977727264,1865041200,308962787
1566227942,
2297275880,
23551474,130021280,1873507465,268498475,900367375,407410065,54114905,62731609
1226444281,633673932,34538415
23508475,2263124065,65398978,531014858,36803502,195638895,14280731
1949695495,
477390346,1092173696,240891200,378405379,827550596,19739397,1378713350,1409086657,2245032840,238021224,2636348866,215842541,27260690,29547540,185456918,2699648921,2661086105,93902580,1002854173,2662162687,298235167,15094180,423057829,1952989350,2662010664,68891177,462497578,388517035,417222828,500385965,1520604552,1979554866,209302579,612912882,626804535,571213625,708169530,2248307018,24467902,2232013248,446449217,2704239682,39444348,450457162,336352715,44075341,596066510,1264443344,180071223,1325596052,765035604,194450661,188563798,125391417,1390925400,174070489,455572698,844252764,2661038941,270094174,1487031462,134541575,531014858,1059004771,121685861,34298342,2187808872,37439484,453278826,121609362,286898415,195598064,382724200,379468658,28364532,77877225,2629332216,2281416313,124566602,279887611,1554312188,51111530,352034174,65509119,77877225,41166731
25701904,
1390925400,1092173696,240891200,378405379,827550596,19739397,1378713350,1409086657,2245032840,238021224,477390346,2636348866,215842541,27260690,29547540,185456918,2699648921,2661086105,93902580,1002854173,2662162687,298235167,15094180,423057829,1952989350,2662010664,68891177,462497578,388517035,417222828,500385965,1520604552,1979554866,209302579,612912882,626804535,571213625,708169530,2248307018,24467902,2232013248,446449217,2704239682,39444348,450457162,336352715,44075341,596066510,1264443344,180071223,1325596052,765035604,194450661,188563798,125391417,531014858,174070489,455572698,844252764,2661038941,270094174,1487031462,134541575,1059004771,121685861,34298342,2187808872,37439484,453278826,121609362,286898415,195598064,382724200,379468658,28364532,77877225,2629332216,2281416313,124566602,279887611,1554312188,51111530,352034174,65509119
54114905,130021280,1873507465,268498475,900367375,407410065,23551474,62731609
2321913380,
41174565,
888153638,
268498475,126783556,1016153509,79923142,21464903,106446857,506990418,1562665182,154249080,30994206,95345048,26184120,126783556,130544054,874303975,130021280,1873507465,900367375,407410065,23551474,54114905,62731609,181462868,126783556,41263980
431304236,
585231923,162302583
801304129,1492129664,776450400,25729219,250020587,294004619,192797102,70185137,302209106,614908991
1582566980,216826720,23518131
1663696472,
450457162,1092173696,240891200,378405379,827550596,19739397,1378713350,1409086657,2245032840,238021224,477390346,2636348866,215842541,27260690,29547540,185456918,2699648921,2661086105,93902580,1002854173,2662162687,298235167,15094180,423057829,1952989350,2662010664,68891177,462497578,388517035,417222828,500385965,1520604552,1979554866,209302579,612912882,626804535,571213625,708169530,124566602,24467902,2232013248,446449217,2704239682,39444348,2248307018,336352715,44075341,596066510,1264443344,180071223,1325596052,765035604,194450661,188563798,125391417,1390925400,174070489,455572698,844252764,2661038941,270094174,1487031462,134541575,531014858,1059004771,121685861,34298342,2187808872,37439484,453278826,121609362,286898415,195598064,382724200,379468658,28364532,77877225,2629332216,2281416313,279887611,1554312188,51111530,352034174,65509119,305162360,531014858
2497160786,327557184
74925655,288309667,430332397
1064214104,
274277978,
731641435,
844252764,1092173696,240891200,378405379,827550596,19739397,1378713350,1409086657,2245032840,238021224,477390346,2636348866,215842541,27260690,29547540,185456918,2699648921,2661086105,93902580,1002854173,2662162687,298235167,15094180,423057829,1952989350,2662010664,68891177,462497578,388517035,417222828,500385965,1520604552,1979554866,209302579,612912882,626804535,571213625,708169530,2248307018,24467902,2232013248,446449217,2704239682,39444348,450457162,336352715,44075341,596066510,1264443344,180071223,1325596052,765035604,194450661,188563798,125391417,1390925400,174070489,455572698,2661038941,270094174,1487031462,134541575,531014858,1059004771,121685861,34298342,2187808872,37439484,453278826,121609362,286898415,195598064,382724200,379468658,28364532,77877225,2629332216,2281416313,124566602,279887611,1554312188,51111530,352034174,65509119
211402338,
617608803,
17843816,464026538,37863672,18465507,18234247,74033044,20012063,59863732,15159590,974048503
51111530,1092173696,240891200,378405379,827550596,19739397,1378713350,1409086657,2245032840,238021224,477390346,2636348866,215842541,27260690,29547540,185456918,2699648921,2661086105,93902580,1002854173,2662162687,298235167,15094180,423057829,1952989350,2662010664,68891177,462497578,388517035,417222828,500385965,1520604552,1979554866,209302579,612912882,626804535,571213625,708169530,2248307018,24467902,2232013248,446449217,2704239682,39444348,450457162,336352715,44075341,596066510,1264443344,180071223,1325596052,765035604,194450661,188563798,125391417,1390925400,174070489,455572698,844252764,2661038941,270094174,1487031462,134541575,531014858,1059004771,121685861,34298342,2187808872,37439484,453278826,121609362,286898415,195598064,382724200,379468658,28364532,77877225,2629332216,2281416313,124566602,279887611,1554312188,352034174,65509119
195638895,531014858,840589501,2263124065,65398978,23508475,531014858,36803502,14280731
27901552,30822441,14280731,18465507
344503230,
2338920056,348904976,91528003,23629916
2281416313,1092173696,240891200,378405379,827550596,19739397,1378713350,1409086657,2245032840,238021224,477390346,2636348866,215842541,27260690,29547540,185456918,2699648921,2661086105,93902580,1002854173,2662162687,298235167,15094180,423057829,1952989350,2662010664,68891177,462497578,388517035,417222828,500385965,1520604552,1979554866,209302579,612912882,626804535,571213625,708169530,2248307018,24467902,2232013248,446449217,2704239682,39444348,450457162,336352715,44075341,596066510,1264443344,180071223,765035604,194450661,188563798,125391417,1390925400,174070489,455572698,844252764,2661038941,270094174,1487031462,134541575,531014858,1059004771,121685861,34298342,2187808872,37439484,453278826,121609362,286898415,195598064,382724200,379468658,28364532,77877225,2629332216,1325596052,124566602,279887611,1554312188,51111530,352034174,65509119
405665403,
387341952,
201692441,
1320754843,20012063,34538415,288309667
250322589,327557184,595279941,845938910
79923142,126783556,1016153509,21464903,106446857,268498475,506990418,1562665182,154249080,30994206
620572327,
36269742,
481441455,
152786613,26691370,25729219,1008185132,83786614,878758308,1321226437,1075624326,30311463,112874216,195598064
1483644606,56783930,386897859
162302583,585231923
93908704,
17471099,
715366116,
215842541,1092173696,240891200,378405379,827550596,19739397,1378713350,1409086657,2245032840,238021224,477390346,2636348866,27260690,29547540,185456918,2699648921,2661086105,93902580,1002854173,2662162687,298235167,15094180,423057829,1952989350,2662010664,68891177,462497578,388517035,417222828,500385965,1520604552,1979554866,209302579,612912882,626804535,571213625,708169530,2248307018,24467902,2232013248,446449217,2704239682,39444348,450457162,336352715,44075341,596066510,1264443344,180071223,1325596052,765035604,194450661,188563798,125391417,1390925400,174070489,455572698,844252764,2661038941,270094174,1487031462,134541575,531014858,1059004771,121685861,34298342,2187808872,37439484,453278826,121609362,286898415,195598064,382724200,379468658,28364532,77877225,2629332216,2281416313,124566602,279887611,1554312188,51111530,352034174,65509119
195598064,198644497,1059004771,1092173696,240891200,378405379,827550596,19739397,1378713350,1409086657,2245032840,238021224,477390346,2636348866,215842541,27260690,29547540,185456918,2699648921,2661086105,93902580,1002854173,2662162687,298235167,15094180,423057829,1952989350,2662010664,68891177,462497578,388517035,417222828,500385965,1520604552,1979554866,209302579,612912882,626804535,571213625,708169530,2248307018,24467902,2232013248,446449217,2704239682,39444348,450457162,336352715,44075341,596066510,1264443344,180071223,1325596052,765035604,194450661,188563798,125391417,1390925400,174070489,455572698,844252764,2661038941,270094174,1487031462,134541575,531014858,1059004771,121685861,34298342,2187808872,37439484,453278826,121609362,286898415,382724200,379468658,28364532,77877225,2629332216,2281416313,124566602,279887611,1554312188,51111530,352034174,65509119,93902580,453278826,38939946,506990418,258206725,26043264,334948388,1579303495,34538415,379468658,2382714271,838381908,77425961,213455679,2361445699,531014858,596066510,180071223,19524953,437304028,878758308,1321226437,1075624326,30311463,112874216,152786613
612912882,1092173696,240891200,378405379,827550596,19739397,1378713350,1409086657,2245032840,238021224,477390346,2636348866,215842541,27260690,29547540,185456918,2699648921,2661086105,93902580,1002854173,2662162687,298235167,15094180,423057829,1952989350,2662010664,68891177,462497578,388517035,417222828,500385965,1520604552,1979554866,209302579,626804535,571213625,708169530,2248307018,24467902,2232013248,446449217,2704239682,39444348,450457162,336352715,44075341,596066510,1264443344,180071223,1325596052,765035604,194450661,188563798,125391417,1390925400,174070489,455572698,844252764,2661038941,270094174,1487031462,134541575,531014858,1059004771,121685861,34298342,2187808872,37439484,453278826,121609362,286898415,195598064,382724200,379468658,28364532,77877225,2629332216,2281416313,124566602,279887611,1554312188,51111530,352034174,65509119
28364532,1092173696,240891200,378405379,827550596,19739397,1378713350,1409086657,2245032840,238021224,477390346,2636348866,215842541,27260690,29547540,185456918,2699648921,2661086105,1002854173,2662162687,298235167,15094180,423057829,1952989350,2662010664,68891177,462497578,388517035,417222828,500385965,1520604552,1979554866,209302579,612912882,626804535,571213625,708169530,2248307018,24467902,2232013248,446449217,2704239682,39444348,450457162,336352715,44075341,596066510,1264443344,180071223,1325596052,765035604,194450661,188563798,125391417,1390925400,174070489,455572698,844252764,2661038941,270094174,1487031462,134541575,531014858,1059004771,121685861,34298342,2187808872,37439484,453278826,121609362,286898415,195598064,382724200,379468658,93902580,77877225,2629332216,2281416313,124566602,279887611,1554312188,51111530,352034174,65509119
334380329,
552179448,
499117819,
797146410,175328292
185949950,1966821840,1159342620,302209106,637065059,2500601828
65509119,1092173696,240891200,378405379,827550596,19739397,1378713350,1409086657,2245032840,238021224,477390346,2636348866,215842541,27260690,29547540,185456918,2699648921,2661086105,93902580,1002854173,298235167,15094180,423057829,1952989350,2662010664,68891177,462497578,388517035,417222828,500385965,1520604552,1979554866,209302579,612912882,626804535,571213625,708169530,2248307018,24467902,2232013248,446449217,2704239682,39444348,450457162,336352715,44075341,596066510,1264443344,180071223,1325596052,765035604,194450661,188563798,125391417,1390925400,174070489,455572698,844252764,2661038941,270094174,1487031462,134541575,531014858,1059004771,121685861,34298342,2187808872,37439484,453278826,121609362,286898415,195598064,382724200,379468658,28364532,77877225,2629332216,2281416313,124566602,279887611,1554312188,51111530,352034174,2662162687
1378713350,1092173696,240891200,378405379,827550596,19739397,1409086657,2245032840,238021224,477390346,2636348866,215842541,27260690,29547540,185456918,2699648921,2661086105,93902580,1002854173,2662162687,298235167,15094180,423057829,1952989350,2662010664,68891177,462497578,388517035,417222828,500385965,1520604552,1979554866,209302579,612912882,626804535,571213625,708169530,2248307018,24467902,2232013248,446449217,2704239682,39444348,450457162,336352715,44075341,596066510,1264443344,180071223,1325596052,765035604,194450661,188563798,125391417,1390925400,174070489,455572698,844252764,2661038941,270094174,1487031462,134541575,531014858,1059004771,121685861,34298342,2187808872,37439484,453278826,121609362,286898415,195598064,382724200,379468658,28364532,77877225,2629332216,2281416313,124566602,279887611,1554312188,51111530,352034174,65509119
213456648,
1486659338,
33568525,
27260690,1092173696,240891200,378405379,827550596,19739397,1378713350,1409086657,2245032840,238021224,477390346,2636348866,121609362,29547540,185456918,2699648921,2661086105,93902580,1002854173,2662162687,298235167,15094180,423057829,1952989350,2662010664,68891177,462497578,388517035,417222828,500385965,1520604552,1979554866,209302579,612912882,626804535,571213625,708169530,2248307018,24467902,2232013248,446449217,2704239682,39444348,450457162,336352715,44075341,596066510,1264443344,180071223,1325596052,765035604,194450661,188563798,125391417,1390925400,174070489,455572698,844252764,2661038941,270094174,1487031462,134541575,531014858,1059004771,121685861,34298342,2187808872,37439484,453278826,215842541,286898415,195598064,382724200,379468658,28364532,77877225,2629332216,2281416313,124566602,279887611,1554312188,51111530,352034174,65509119
24340249,
64634650,34538415
281358107,32719409
1002854173,1092173696,240891200,378405379,827550596,19739397,1378713350,1409086657,2245032840,238021224,477390346,2636348866,215842541,27260690,29547540,185456918,2699648921,2661086105,93902580,2662162687,298235167,15094180,423057829,1952989350,2662010664,68891177,462497578,388517035,417222828,500385965,1520604552,1979554866,209302579,612912882,626804535,571213625,708169530,2248307018,24467902,2232013248,446449217,2704239682,39444348,450457162,336352715,44075341,596066510,1264443344,180071223,1325596052,765035604,194450661,188563798,125391417,1390925400,174070489,455572698,844252764,2661038941,270094174,1487031462,134541575,531014858,1059004771,121685861,34298342,2187808872,37439484,453278826,121609362,286898415,195598064,382724200,379468658,28364532,77877225,2629332216,2281416313,124566602,279887611,1554312188,51111530,352034174,65509119
30994206,126783556,1016153509,79923142,21464903,106446857,268498475,506990418,154249080,1562665182
977727264,71016358
521885476,
28440357,
2662010664,1092173696,240891200,378405379,827550596,19739397,1378713350,1409086657,2245032840,238021224,477390346,2636348866,215842541,27260690,29547540,185456918,2699648921,2661086105,93902580,1002854173,2662162687,298235167,15094180,423057829,1952989350,68891177,462497578,388517035,417222828,500385965,1520604552,1979554866,209302579,612912882,626804535,571213625,708169530,2248307018,24467902,2232013248,446449217,2704239682,39444348,450457162,336352715,44075341,596066510,1264443344,180071223,1325596052,765035604,194450661,188563798,125391417,1390925400,174070489,455572698,844252764,2661038941,270094174,1487031462,134541575,531014858,1059004771,121685861,34298342,2187808872,37439484,453278826,121609362,286898415,195598064,382724200,379468658,28364532,77877225,2629332216,2281416313,124566602,279887611,1554312188,51111530,352034174,65509119
462497578,1092173696,240891200,378405379,827550596,19739397,1378713350,1409086657,2245032840,238021224,477390346,2636348866,215842541,27260690,29547540,185456918,2699648921,2661086105,93902580,1002854173,2662162687,298235167,15094180,423057829,1952989350,2662010664,68891177,388517035,417222828,500385965,1520604552,1979554866,209302579,612912882,626804535,571213625,708169530,2248307018,24467902,2232013248,446449217,2704239682,39444348,450457162,336352715,44075341,596066510,1264443344,180071223,1325596052,765035604,194450661,188563798,125391417,1390925400,174070489,455572698,844252764,2661038941,270094174,1487031462,134541575,531014858,1059004771,121685861,34298342,2187808872,37439484,453278826,121609362,286898415,195598064,382724200,379468658,28364532,77877225,2629332216,2281416313,124566602,279887611,1554312188,51111530,352034174,65509119
1008185132,26691370,25729219,152786613,83786614
242491181,
335607604,
626804535,1092173696,240891200,378405379,827550596,19739397,1378713350,1409086657,2245032840,238021224,477390346,2636348866,215842541,27260690,29547540,185456918,2699648921,2661086105,93902580,1002854173,2662162687,298235167,15094180,423057829,1952989350,2662010664,68891177,462497578,388517035,417222828,500385965,1520604552,1979554866,209302579,180071223,571213625,708169530,2248307018,24467902,2232013248,446449217,2704239682,39444348,450457162,336352715,44075341,596066510,1264443344,612912882,1325596052,765035604,194450661,188563798,125391417,1390925400,174070489,455572698,844252764,2661038941,270094174,1487031462,134541575,531014858,1059004771,121685861,34298342,2187808872,37439484,453278826,121609362,286898415,195598064,382724200,379468658,28364532,77877225,2629332216,2281416313,124566602,279887611,1554312188,51111530,352034174,65509119
2472107832,
571213625,1092173696,240891200,378405379,827550596,19739397,1378713350,1409086657,2245032840,238021224,477390346,2636348866,215842541,27260690,29547540,185456918,2699648921,2661086105,93902580,1002854173,2662162687,298235167,15094180,423057829,1952989350,2662010664,68891177,462497578,388517035,417222828,500385965,1520604552,1979554866,209302579,612912882,626804535,125391417,708169530,2248307018,24467902,2232013248,446449217,2704239682,39444348,450457162,336352715,44075341,596066510,1264443344,180071223,1325596052,765035604,194450661,188563798,1390925400,174070489,455572698,844252764,2661038941,270094174,1487031462,134541575,531014858,1059004771,121685861,34298342,2187808872,37439484,453278826,121609362,286898415,195598064,382724200,379468658,28364532,77877225,2629332216,2281416313,124566602,279887611,1554312188,51111530,352034174,65509119
708169530,1092173696,240891200,378405379,827550596,19739397,1378713350,1409086657,2245032840,238021224,477390346,2636348866,215842541,27260690,29547540,185456918,2699648921,2661086105,93902580,1002854173,2662162687,298235167,15094180,423057829,1952989350,2662010664,68891177,462497578,388517035,417222828,500385965,1520604552,1979554866,209302579,612912882,626804535,571213625,2248307018,24467902,2232013248,446449217,2704239682,39444348,450457162,336352715,44075341,596066510,1264443344,180071223,1325596052,765035604,194450661,188563798,125391417,1390925400,174070489,455572698,844252764,2661038941,270094174,1487031462,134541575,531014858,1059004771,121685861,34298342,2187808872,37439484,453278826,121609362,286898415,195598064,382724200,379468658,28364532,77877225,2629332216,2281416313,124566602,279887611,1554312188,51111530,352034174,65509119
383481661,
21464903,2582711029,126783556,1016153509,79923142,106446857,268498475,506990418,1562665182,154249080,30994206,721531338
506990418,126783556,1016153509,79923142,21464903,106446857,268498475,1562665182,154249080,30994206,195598064,453278826,38939946,93902580,258206725
181462868,268498475
270094174,1092173696,240891200,378405379,827550596,19739397,1378713350,1409086657,2245032840,238021224,477390346,2636348866,215842541,27260690,29547540,185456918,2699648921,2661086105,93902580,1002854173,2662162687,298235167,15094180,423057829,1952989350,2662010664,68891177,462497578,388517035,417222828,500385965,1520604552,1979554866,209302579,612912882,626804535,571213625,708169530,2248307018,24467902,2232013248,446449217,2704239682,39444348,450457162,336352715,44075341,596066510,1264443344,180071223,1325596052,765035604,194450661,188563798,125391417,1390925400,174070489,455572698,844252764,2661038941,1487031462,134541575,531014858,1059004771,121685861,34298342,2187808872,37439484,453278826,121609362,286898415,195598064,382724200,379468658,28364532,77877225,2629332216,2281416313,124566602,279887611,1554312188,51111530,352034174,65509119
637065059,1966821840,1159342620,302209106,2500601828,185949950,1075624326
121685861,1092173696,240891200,378405379,827550596,19739397,1378713350,1409086657,2245032840,238021224,477390346,2636348866,215842541,27260690,29547540,185456918,2699648921,2661086105,93902580,1002854173,2662162687,298235167,15094180,423057829,1952989350,2662010664,68891177,462497578,388517035,417222828,500385965,1520604552,1979554866,209302579,612912882,626804535,571213625,708169530,2248307018,24467902,2232013248,446449217,2704239682,39444348,450457162,336352715,44075341,596066510,1264443344,180071223,1325596052,765035604,194450661,188563798,125391417,1390925400,174070489,455572698,844252764,2661038941,270094174,1487031462,134541575,531014858,1059004771,124566602,34298342,2187808872,37439484,453278826,121609362,286898415,195598064,382724200,379468658,28364532,77877225,2629332216,2281416313,279887611,1554312188,51111530,352034174,65509119
1090277222,288309667
151222128,
154249080,126783556,1016153509,79923142,21464903,106446857,268498475,506990418,1562665182,30994206,288309667
39444348,1092173696,240891200,378405379,827550596,19739397,1378713350,1409086657,2245032840,238021224,477390346,2636348866,215842541,27260690,29547540,185456918,2699648921,2661086105,93902580,1002854173,2662162687,298235167,15094180,423057829,1952989350,2662010664,68891177,462497578,388517035,417222828,500385965,1520604552,1979554866,209302579,612912882,626804535,571213625,708169530,2248307018,24467902,2232013248,446449217,2704239682,450457162,336352715,44075341,596066510,1264443344,180071223,1325596052,765035604,194450661,188563798,125391417,1390925400,174070489,455572698,844252764,2661038941,270094174,1487031462,134541575,531014858,1059004771,121685861,34298342,2187808872,37439484,453278826,121609362,286898415,195598064,382724200,379468658,28364532,77877225,2629332216,2281416313,124566602,279887611,1554312188,51111530,352034174,65509119
2461818751,
1092173696,1325596052,240891200,378405379,827550596,19739397,1378713350,1409086657,2245032840,238021224,477390346,2636348866,215842541,27260690,29547540,185456918,2699648921,2661086105,93902580,1002854173,2662162687,298235167,15094180,423057829,1952989350,2662010664,68891177,462497578,388517035,417222828,500385965,1520604552,1979554866,209302579,612912882,626804535,571213625,708169530,2248307018,24467902,2232013248,446449217,2704239682,39444348,450457162,336352715,44075341,596066510,1264443344,180071223,765035604,194450661,188563798,125391417,1390925400,174070489,455572698,844252764,2661038941,270094174,1487031462,134541575,531014858,1059004771,121685861,34298342,2187808872,37439484,453278826,121609362,286898415,195598064,382724200,379468658,28364532,77877225,2629332216,2281416313,124566602,279887611,1554312188,51111530,352034174,65509119,180071223,2361445699,213455679,1574347304,2305711009,28212345,2361445699
64526215,
41166731,77877225,477390346
74033044,17843816,20012063,59863732,15159590,974048503
1181267863,
2699648921,1092173696,240891200,378405379,827550596,19739397,1378713350,1409086657,2245032840,238021224,477390346,2636348866,215842541,27260690,29547540,185456918,2661086105,93902580,1002854173,2662162687,298235167,15094180,423057829,1952989350,2662010664,68891177,462497578,388517035,417222828,500385965,1520604552,1979554866,209302579,612912882,626804535,571213625,708169530,2248307018,24467902,2232013248,446449217,2704239682,39444348,450457162,336352715,44075341,596066510,1264443344,180071223,1325596052,765035604,194450661,188563798,125391417,1390925400,174070489,455572698,844252764,2661038941,270094174,1487031462,134541575,531014858,1059004771,121685861,34298342,2187808872,37439484,453278826,121609362,286898415,195598064,382724200,379468658,28364532,77877225,2629332216,2281416313,124566602,279887611,1554312188,51111530,352034174,65509119
130021280,1873507465,268498475,900367375,407410065,23551474,54114905,62731609
909407899,
54609830,
187115446,288309667
1656022974,874303975,1140878185,19135591,2580916717,35489876,496575604,947127163,101242079
459793056,288309667,26184120,308962787,288309667
386897859,1016153509,1075624326,56783930,1483644606,32719409
37765062,1427694828
184278983,
368127951,
1264443344,1092173696,240891200,378405379,827550596,19739397,1378713350,1409086657,2245032840,238021224,477390346,2636348866,215842541,27260690,29547540,185456918,2699648921,2661086105,93902580,1002854173,2662162687,298235167,15094180,423057829,1952989350,2662010664,68891177,462497578,388517035,417222828,500385965,1520604552,1979554866,209302579,612912882,626804535,571213625,708169530,2248307018,24467902,2232013248,446449217,2704239682,39444348,450457162,336352715,44075341,596066510,180071223,1325596052,765035604,194450661,188563798,125391417,1390925400,174070489,455572698,844252764,2661038941,270094174,1487031462,134541575,531014858,1059004771,121685861,34298342,2187808872,37439484,453278826,121609362,286898415,195598064,382724200,379468658,28364532,77877225,2629332216,2281416313,124566602,279887611,1554312188,51111530,352034174,65509119
329121746,38347570,1518039836
524310483,
53491683,
2500601828,1966821840,302209106,637065059,1159342620,185949950,288309667
77877225,1092173696,240891200,378405379,827550596,19739397,1378713350,1409086657,2245032840,238021224,477390346,2636348866,215842541,27260690,29547540,185456918,2699648921,2661086105,93902580,1002854173,2662162687,298235167,15094180,423057829,1952989350,2662010664,68891177,462497578,388517035,417222828,500385965,1520604552,1979554866,209302579,612912882,626804535,571213625,708169530,2248307018,24467902,2232013248,446449217,2704239682,39444348,450457162,336352715,44075341,596066510,1264443344,180071223,1325596052,765035604,194450661,188563798,125391417,1390925400,174070489,455572698,844252764,2661038941,270094174,1487031462,134541575,531014858,1059004771,121685861,34298342,2187808872,37439484,453278826,121609362,286898415,195598064,382724200,379468658,28364532,2629332216,2281416313,124566602,279887611,1554312188,51111530,352034174,65509119,477390346,41166731
1132546032,2198624766
783646710,
37439484,1092173696,240891200,378405379,827550596,19739397,1378713350,1409086657,2245032840,238021224,477390346,2636348866,215842541,27260690,29547540,185456918,2699648921,2661086105,93902580,1002854173,2662162687,298235167,15094180,423057829,1952989350,2662010664,68891177,462497578,388517035,417222828,500385965,1520604552,1979554866,209302579,612912882,626804535,571213625,708169530,2248307018,24467902,2232013248,446449217,2704239682,39444348,450457162,336352715,44075341,596066510,1264443344,180071223,1325596052,765035604,194450661,188563798,125391417,1390925400,174070489,455572698,844252764,2661038941,270094174,1487031462,134541575,531014858,1059004771,121685861,34298342,2187808872,77877225,453278826,121609362,286898415,195598064,382724200,379468658,28364532,2629332216,2281416313,124566602,279887611,1554312188,51111530,352034174,65509119
